ID,Title,Salary,Company,Summary
https://www.indeed.ca/viewjob?jk=b35c3823b4aac28b,DevOps & Cloud Infrastructure Team Lead,,Blackline Safety,"Also, ELK stack, CloudFormation, ALP, Python, Java, and more. A world-class team of senior developers and software professionals to act as mentors as you…"
https://www.indeed.ca/viewjob?jk=a7e985d92e8b30de,Senior Full Stack Developer (with DevOps),,VistaVu Solutions,"Continued growth in our business has identified our need for a Senior Full Stack Developer. Reporting to the VP, Product Development, the Senior Full Stack…"
https://www.indeed.ca/viewjob?jk=d98054389dcbfe90,React.js Web Developer - Epic Games Partner (Remote),,H8tch Innovations,"We are looking for an experienced Front End / Full Stack Web Engineer who will work with our partner, Epic Games, building their websites."
https://www.indeed.ca/viewjob?jk=12e45bb2337ba15c,Data Architect,,Blackline Safety,A world-class team of senior developers and software professionals to act as mentors as you develop your professional skills. We are looking for someone:
https://www.indeed.ca/viewjob?jk=720209bf69003ced,Power BI UX Consultant,,Hitachi Solutions,Full understanding of how to apply the methodologies of user-centered design and research to business problems. This role is focused on the North East region.
https://www.indeed.ca/viewjob?jk=14b4bfbcda0a1d43,Senior Java Developer,,FLYHT Aerospace,"Must have more than 5 years of full stack development. Perform code reviews, unit testing, and system testing as needed for other developers' efforts."
https://www.indeed.ca/viewjob?jk=a6488137e4e4f380,Lead Software Developer,,INLIVWello,"Leadership of application development through the full SDLC. We invite you to join a growing, dynamic and always innovating team at Wello as our Lead Software…"
https://www.indeed.ca/viewjob?jk=10fc6fb389e31b0b,Shareworks by Morgan Stanley - Software Development Manager,,Morgan Stanley,Familiarity with the enterprise Java technology stack. 8+ years’ experience as a developer or engineer. Take a lead role in recruiting and hiring Software…
https://www.indeed.ca/viewjob?jk=b5fb46431ce1a8a1,Full Stack Developer - 288533,,Procom,Full Stack Developer - Job Details. Full Stack Developer - Mandatory Skills. Full Stack Developer - Assignment Location. Full Stack Developer - Nice to Have.
https://www.indeed.ca/viewjob?jk=b338eb9b31474af2,Lead Software Developer,,Wello,"Leadership of application development through the full SDLC. We invite you to join a growing, dynamic and always innovating team at Wello as our Lead Software…"
https://www.indeed.ca/viewjob?jk=ffc7a9768702b447,Senior Software Developer - Calgary,,Nureva Inc.,"Perform full-stack, full life-cycle feature development. Work closely with other talented developers, UX, and QA in a collaborative Agile team."
https://www.indeed.ca/viewjob?jk=ce5fa65a4934e5d1,Software Development Manager,,Solium Capital,Familiarity with the enterprise Java technology stack. 8+ years’ experience as a developer or engineer. Take a lead role in recruiting and hiring Software…
https://www.indeed.ca/viewjob?jk=5f599fcb98f98043,Full Stack Developer,,Sterling-Hoffman Executive Search,Preference will be given to candidates with recent experience in full stack development. Develop across the technology stacks in different languages and…
https://www.indeed.ca/viewjob?jk=17085200df911e17,Power Platform Developer,,Fidelity Factory Inc.,We are hiring a Power Platform Developer. We offer competitive pay and benefits for full time employees. Knowledge of the Microsoft cloud product stack will be…
https://www.indeed.ca/viewjob?jk=33c7722f396762d9,Senior Front-end Software Engineer,,Collage.com,"We prefer engineers who are smart and able to learn over those who are familiar with our exact tech stack. Collage.com pays 100% of the premium for full health,…"
https://www.indeed.ca/viewjob?jk=b5c9d88459e403ca,Part-Time Mentor,,Lighthouse Labs,Are you an Int-Sr level full stack developer who has a passion for helping train the next generation of devs? Preference for open source web languages and tools…
https://www.indeed.ca/viewjob?jk=c550b1b3253d5c6e,Quality Assurance Analyst,,Solium Capital,Work closely with developers in execution of our amazing plans. Experts ensuring our individuals adding code feel safe when they do so.
https://www.indeed.ca/viewjob?jk=83b413ecd8c597d3,Network Security Engineer,,GuildOne Inc.,"4 – 7 years of full stack development expertise. GuildOne is seeking an experienced software developer to implement network security concepts, protocols, and…"
https://www.indeed.ca/viewjob?jk=de48a19ae82eba3e,Software Engineer,,Hexagon,This position is very hands-on and full of opportunities. Experience using REST APIs for data gathering and tool automationMicrosoft technology stack knowledge.
https://www.indeed.ca/viewjob?jk=d95451fecb086f67,Full Stack Software Developer (all experience levels),,Curve Dental,(Senior developers) Experience leading a team of developers while still spending a large chunk of your time on development projects. Who we are looking for*.
https://www.indeed.ca/viewjob?jk=dbc0f75d9a21ad75,IM Solutions Architect,,Golder Associates,"Hands on experience with MS Development Stack: IIS / ASP. 5-7 years experience as a Developer, Software Engineer or similar. You will have a background in:"
https://www.indeed.ca/viewjob?jk=5f599fcb98f98043,Full Stack Developer,,Sterling-Hoffman Executive Search,Preference will be given to candidates with recent experience in full stack development. Develop across the technology stacks in different languages and…
https://www.indeed.ca/viewjob?jk=45c37fbdefce3f64,Full Stack Developer,,iQommerce Corporation,"As we expand our software and service offerings, our company is seeking a driven and open-minded individual to take on our Full Stack Developer position."
https://www.indeed.ca/viewjob?jk=a7e985d92e8b30de,Senior Full Stack Developer (with DevOps),,VistaVu Solutions,"Continued growth in our business has identified our need for a Senior Full Stack Developer. Reporting to the VP, Product Development, the Senior Full Stack…"
https://www.indeed.ca/viewjob?jk=d15f2198b18b1388,Intermediate/Senior ETL Developers,"$75,000 - $100,000 a year",SDK,"Are a skilled BI Developer who continuously striving to improve your skill set. SDK is looking for Intermediate ETL developers that will work on the collecting,…"
https://www.indeed.ca/viewjob?jk=b5fb46431ce1a8a1,Full Stack Developer - 288533,,Procom,Full Stack Developer - Job Details. Full Stack Developer - Mandatory Skills. Full Stack Developer - Assignment Location. Full Stack Developer - Nice to Have.
https://www.indeed.ca/viewjob?jk=17085200df911e17,Power Platform Developer,,Fidelity Factory Inc.,We are hiring a Power Platform Developer. We offer competitive pay and benefits for full time employees. Knowledge of the Microsoft cloud product stack will be…
https://www.indeed.ca/viewjob?jk=5365acd220c15ea5,Full Stack Web Developer,,Languages in Motion (LIM),"Hello! If you’re looking for a full-time gig and are interested in developing some very cool software, LiM is hiring for 2 positions: A Jr. and Sr. Full Stack…"
https://www.indeed.ca/viewjob?jk=d95451fecb086f67,Full Stack Software Developer (all experience levels),,Curve Dental,(Senior developers) Experience leading a team of developers while still spending a large chunk of your time on development projects. Who we are looking for*.
https://www.indeed.ca/viewjob?jk=d72321b12cc5e289,Jr. Full Stack Developer,"$36,000 a year",UGO Media,"The Junior Full-Stack Developer role is a full-time, salaried position based out of our office located in downtown Calgary. JS, Angular, React, React Native."
https://www.indeed.ca/viewjob?jk=a31330ca17957e1c,Junior-Intermediate Full-Stack Web Developer,,True Market,JUNIOR-INTERMEDIATE FULL STACK WEB DEVELOPER. We’re looking for someone who sees development as a sea of possibilities. Integrate the CMS into the site.
https://www.indeed.ca/viewjob?jk=322b54cb69eaa022,Junior Software Developer (SaaS),,Field Safe Solutions,"Reporting to the Chief Operating Officer, the Junior Software Developer is expected to be able to work on and provide creative solutions to various interactive…"
https://www.indeed.ca/viewjob?jk=2d52456cb6cd917c,Full-Stack Developer,,Harvest Builders,"Harvest Builders is looking for a Full-Stack Developer. Interest in our TypeScript, React, Node, GraphQL & MongoDB stack."
https://www.indeed.ca/viewjob?jk=d98054389dcbfe90,React.js Web Developer - Epic Games Partner (Remote),,H8tch Innovations,"We are looking for an experienced Front End / Full Stack Web Engineer who will work with our partner, Epic Games, building their websites."
https://www.indeed.ca/viewjob?jk=49c732360bbb1a62,Junior Full-Stack Developer,,Solium Capital,Do full stack dev from the DB to the UI. Shareworks by Morgan Stanley is hiring Junior-level Full-Stack Developers who want to write great code.
https://www.indeed.ca/viewjob?jk=c42f742c06a8526b,Full Stack Developer,,Boardwalk,"Job Title: *Full Stack Developer. Design your code for testability using your deep understanding of best practices, patterns and principles of software…"
https://www.indeed.ca/viewjob?jk=cce68585c503ab02,Full-Stack Developer,,Neo Financial,"Interest in our TypeScript, React, Node, GraphQL & MongoDB stack. You’ll write cutting-edge Typescript code every day while working closely with product…"
https://www.indeed.ca/viewjob?jk=2da5d116497c0eaf,Full Stack Software Developer,,OpenHouse.Ai,"We are looking for a Full-Stack Software Developer, with a solid foundation in algorithms and data structures, have a strong desire to learn and insatiable…"
https://www.indeed.ca/viewjob?jk=d067e714dca64351,Full-Stack Developer,"$60,000 - $90,000 a year",Skymatics,We’re looking for a Full-Stack Developer who can help us showcase our solution for farmers and insurance adjusters. API development and partner integrations.
https://www.indeed.ca/viewjob?jk=e7ec02aeeb9e532d,Full Stack Developer,,"Pangea Global, LLC","As a Full stack Developer, you will develop and maintain the front- and back-end of multiple products. You have Full stack Development experience (5+ minimum,…"
https://www.indeed.ca/viewjob?jk=a7e04f3289df3acf,"FULL STACK DEVELOPER CALGARY, ALBERTA",,Boardwalk Rental Communities,"Design your code for testability using your deep understanding of best practices, patterns and principles of software development."
https://www.indeed.ca/viewjob?jk=d54111eb385a5ea9,Full Stack Developer,$90 - $100 an hour,Manpower,"As a Full stack Developer, you will develop and maintain the front- and back-end of multiple products. You have Full stack Development experience (5+ minimum,…"
https://www.indeed.ca/viewjob?jk=08fc268b3d243462,Senior Full-Stack Developer,,Solium Capital,Do full stack dev from the DB to the UI. Shareworks by Morgan Stanley is hiring Senior-level Full-Stack Developers who want to write great code.
https://www.indeed.ca/viewjob?jk=2ce1d37ca82e95a9,Sr. Full-Stack Developer,,Neo Financial,"Juggle back-end, front-end and infrastructure work to truly be ""full stack"". Strong knowledge of our tech stack (or similar technologies); excitement to learn."
https://www.indeed.ca/viewjob?jk=4f54e36723a18149,Full Stack Developer,,KaushiTech Inc.,"One of client is looking for Full Stack Developer for Calgary, AB. Amazon cloud services (AWS)/Google Cloud environments: 1 year (Preferred)."
https://www.indeed.ca/viewjob?jk=eeda8c5cc4007a53,Shareworks by Morgan Stanley - Full-Stack Mobile Application...,,Morgan Stanley,"Shareworks by Morgan Stanley - Full-Stack Mobile Application Developer. POSTING DATE: Feb 25, 2020. You find the root cause and fix it. A passion for great UX."
https://www.indeed.ca/viewjob?jk=b086c7f96b48b086,Full Stack Developer,,EHS Analytics,"Collaborate with other developers, BAs and data architect to craft quality and innovative solutions and features. You’ll need these skills: * C#, MVC."
https://www.indeed.ca/viewjob?jk=aa16b2fbf317573d,Intermediate Full-Stack Developer,,Solium Capital,Do full stack dev from the DB to the UI. Shareworks by Morgan Stanley is hiring Intermediate-level Full-Stack Developers who want to write great code.
https://www.indeed.ca/viewjob?jk=1ac781520e24ca6b,Front End Developer/UI Developer,,Verge Technologies,"Welcome to apply if you also have strong full stack development skills, we’re hiring for all roles. Our Front End Developer will be responsible for designing …"
https://www.indeed.ca/viewjob?jk=1a24979de8b51181,Full Stack Developer,,Black Diamond Group,We have full-time positions for Full Stack Developers in Calgary. Role Summary & Ideal Candidate Profile. Our ideal candidate is a team player and avid learner…
https://www.indeed.ca/viewjob?jk=17085200df911e17,Power Platform Developer,,Fidelity Factory Inc.,We are hiring a Power Platform Developer. We offer competitive pay and benefits for full time employees. Knowledge of the Microsoft cloud product stack will be…
https://www.indeed.ca/viewjob?jk=aa1cf3c142d9e6cf,C#. NET - Full Stack Developer,,InSync,"Net - Full Stack Developer for a contract position in Calgary, AB. As a Full Stack Developer, you will develop and maintain the product."
https://www.indeed.ca/viewjob?jk=b312455503dfe2d1,Shareworks by Morgan Stanley - Senior Full-Stack Developer,,Morgan Stanley,Do full stack dev from the DB to the UI. Shareworks by Morgan Stanley - Senior Full-Stack Developer. Shareworks by Morgan Stanley is hiring Senior-level Full…
https://www.indeed.ca/viewjob?jk=5f599fcb98f98043,Full Stack Developer,,Sterling-Hoffman Executive Search,Preference will be given to candidates with recent experience in full stack development. Develop across the technology stacks in different languages and…
https://www.indeed.ca/viewjob?jk=c327650796034a9e,Full-Stack Developer,,A4 Systems Corporation,"Full time, on site at our HQ in Calgary, Alberta, Canada. Full time, on site at our HQ in Calgary, Alberta, Canada. A Canadian Citizen or Landed Immigrant."
https://www.indeed.ca/viewjob?jk=72ff686e1e405c56,Full Stack Developer,,Showpass,"THE ROLE: Full Stack Developer (full-time permanent role). Work with developers, project management, and designers to create exciting new features and elegant…"
https://www.indeed.ca/viewjob?jk=08fc268b3d243462,Senior Full-Stack Developer,,Solium Capital,Do full stack dev from the DB to the UI. Shareworks by Morgan Stanley is hiring Senior-level Full-Stack Developers who want to write great code.
https://www.indeed.ca/viewjob?jk=64421d9d3cd3906e,Front End Software Developer,,OpenHouse.Ai,"We are looking for a Front-End Software Developer, with a solid foundation in data structures and component design, have a strong desire to learn and insatiable…"
https://www.indeed.ca/viewjob?jk=a11602225e436be6,Full-Stack Web Software Developer,,Zyris Software,Assist other team members including Jr. Software developers with solving software related problems. Follow detailed requirements documents and execute projects…
https://www.indeed.ca/viewjob?jk=6ec084b65009f0e4,Senior Full Stack Developer,,Kudos Inc.,"We are seeking a Senior Full Stack Developer with a strong product sense, excellent technical judgment, a desire to develop creative solutions and empathy for…"
https://www.indeed.ca/viewjob?jk=a7e985d92e8b30de,Senior Full Stack Developer (with DevOps),,VistaVu Solutions,"Continued growth in our business has identified our need for a Senior Full Stack Developer. Reporting to the VP, Product Development, the Senior Full Stack…"
https://www.indeed.ca/viewjob?jk=eb371b85572243ae,Full-Stack Software Developer,,INLIVWello,"We invite you to join a growing, dynamic and always innovating team at Wello as a Full-Stack Software Developer. Software testing and quality assurance."
https://www.indeed.ca/viewjob?jk=a915295b801c0ec2,Intermediate Full Stack Developer - Backend,,Athennian,Assist in mentoring junior developers with the team. Assist in making large architectural decisions that will help make our stack more robust and efficient.
https://www.indeed.ca/viewjob?jk=f24000aced44f045,Software Developer (C# .NET) - Int/Sr,,Verge Technologies,Full stack development is an option if interested. Verge Ag is looking for a dedicated and driven *Software Developer (C# . First Pass makes guidance better.
https://www.indeed.ca/viewjob?jk=121544dad94f00fe,"Full Stack Cloud Engineer, Cloud Engineering",,Deloitte,"As a Full Stack Cloud Engineer, you have: Your previous experience as a full stack developer will enable us to build cloud native applications to meet our…"
https://www.indeed.ca/viewjob?jk=d15f2198b18b1388,Intermediate/Senior ETL Developers,"$75,000 - $100,000 a year",SDK,"Are a skilled BI Developer who continuously striving to improve your skill set. SDK is looking for Intermediate ETL developers that will work on the collecting,…"
https://www.indeed.ca/viewjob?jk=aa16b2fbf317573d,Intermediate Full-Stack Developer,,Solium Capital,Do full stack dev from the DB to the UI. Shareworks by Morgan Stanley is hiring Intermediate-level Full-Stack Developers who want to write great code.
https://www.indeed.ca/viewjob?jk=9497dcc1c7d9e1df,Sr. Full-Stack Developer,,Harvest Builders,"Juggle back-end, front-end and infrastructure work to truly be ""full stack"". Strong knowledge of our tech stack (or similar technologies); excitement to learn."
https://www.indeed.ca/viewjob?jk=45a3481d8c4938fb,Senior Full Stack Developer,"$80,000 - $100,000 a year",eCompliance,As a senior full stack developer you will help support our current . Our office is that perfect mix of urban cool and industrial chic.
https://www.indeed.ca/viewjob?jk=6acac79b98509d37,Sr. Full Stack Developer,,BLACK DIAMOND GROUP,"Experience leading and/or mentoring more junior developers; Develop web applications in a full-stack environment with React, GraphQL, Node.js, and REST API…"
https://www.indeed.ca/viewjob?jk=b5fb46431ce1a8a1,Full Stack Developer - 288533,,Procom,Full Stack Developer - Job Details. Full Stack Developer - Mandatory Skills. Full Stack Developer - Assignment Location. Full Stack Developer - Nice to Have.
https://www.indeed.ca/viewjob?jk=2ffa6603813280ad,"Full Stack Developer, AppDevices",,AppDirect,"As a Senior Full Stack Engineer, you will help build and architect the AppDirect platform. Working up and down the stack. GoLang, and Python are a plus."
https://www.indeed.ca/viewjob?jk=d95451fecb086f67,Full Stack Software Developer (all experience levels),,Curve Dental,(Senior developers) Experience leading a team of developers while still spending a large chunk of your time on development projects. Who we are looking for*.
https://www.indeed.ca/viewjob?jk=58baa044a52750d4,Senior Full Stack Developer,"$85,000 - $100,000 a year",Subnet,The Senior Full Stack Developer reports to the Enterprise Development Team Lead. The Senior Full Stack Developer works with web and server technologies to…
https://www.indeed.ca/viewjob?jk=d98054389dcbfe90,React.js Web Developer - Epic Games Partner (Remote),,H8tch Innovations,"We are looking for an experienced Front End / Full Stack Web Engineer who will work with our partner, Epic Games, building their websites."
https://www.indeed.ca/viewjob?jk=17085200df911e17,Power Platform Developer,,Fidelity Factory Inc.,We offer competitive pay and benefits for full time employees. Knowledge of the Microsoft cloud product stack will be an asset.
https://www.indeed.ca/viewjob?jk=322b54cb69eaa022,Junior Software Developer (SaaS),,Field Safe Solutions,"2+ years’ experience in driving full-stack software development and engineering practices. Reporting to the Chief Operating Officer, the Junior Software…"
https://www.indeed.ca/viewjob?jk=d141b7a6bf9fe61b,Full Stack Software Developer & Report Analyst,,Divine Flooring,"Divine Flooring is seeking a talented, Developer with an extensive knowledge of Microsoft SQL and query optimization techniques."
https://www.indeed.ca/viewjob?jk=d95451fecb086f67,Full Stack Software Developer (all experience levels),,Curve Dental,(Senior developers) Experience leading a team of developers while still spending a large chunk of your time on development projects.
https://www.indeed.ca/viewjob?jk=3f54957e4a4ee246,Senior Developer,,Systematix,"In this role, you will be helping our client broaden functionality and streamline processes for existing applications. Net, C#.Net, and Web Services."
https://www.indeed.ca/viewjob?jk=a7e985d92e8b30de,Senior Full Stack Developer (with DevOps),,VistaVu Solutions,You have a natural ability to coach and mentor other developers; you can express yourself effectively within a group as well as in one-to-one conversations.
https://www.indeed.ca/viewjob?jk=d98054389dcbfe90,React.js Web Developer - Epic Games Partner (Remote),,H8tch Innovations,Build community tools which will be used by game developers and gamers. We are looking for an experienced Front End / Full Stack Web Engineer who will work with…
https://www.indeed.ca/viewjob?jk=3c8eb5af38c35ad2,Senior Full Stack Angular/.Net Software Developer,,Big Bear Software,"Plus, clients love to work with our team of graphics designers and user experience experts to create something beautiful and easy to use."
https://www.indeed.ca/viewjob?jk=6b5002767185ef03,Senior React Developer,,Finger Food Advanced Technology Group,"Back end or full stack development experience. Collaborate with small teams to architect, develop and deploy high quality web applications."
https://www.indeed.ca/viewjob?jk=a7e985d92e8b30de,Senior Full Stack Developer (with DevOps),,VistaVu Solutions,You have a natural ability to coach and mentor other developers; you can express yourself effectively within a group as well as in one-to-one conversations.
https://www.indeed.ca/viewjob?jk=49c8066fe776933f,Sr. Full Stack Developer,,LodgeLink,"Develop web applications in a full-stack environment with React, GraphQL, Node.js, and REST API technologies; Experience with GraphQL is a strong asset."
https://www.indeed.ca/viewjob?jk=4186238104a537aa,Intermediate Full Stack Web Developer,,Resource Energy Solutions,"The incumbent will be responsible for coding, testing, and implementing software products. The ideal candidate will be highly motivated and have a passion for…"
https://www.indeed.ca/viewjob?jk=fc62fe0beaf1fbfc,React Developer,,Finger Food Advanced Technology Group,"Back end or full stack development experience. 3+ years of professional experience as a software developer. Work from our offices, or on-site with a client (as…"
https://www.indeed.ca/viewjob?jk=cc74606ee7a2f446,Application Developer,,Golder Associates,This full-time opportunity allows for flexible work from home and occasional in-office meetings. Work together with other developers and our larger apps team of…
https://www.indeed.ca/viewjob?jk=d923b9afadb2955f,Developer IV (6415),,"Kleinfelder, Inc.","You’ll develop across the techology stack, in different languages and environments. You have Full stack Development experience (5+ minimum, 10+ preferred) that…"
https://www.indeed.ca/viewjob?jk=69c2c1042d28c0c2,"Engineering Manager, Full-Stack Web",,Cisco Systems,"Have experience as a full-stack developer. We're currently using Ruby on Rails, VueJS, BackboneJS, MySQL, Cassandra, MongoDB, ELK, RabbitMQ, GoLang, GoCD,…"
https://www.indeed.ca/viewjob?jk=1cb3ddfab5f2ef94,"Sr. Full Stack Developer (React, NodeJS)",,LodgeLink,"Develop web applications in a full-stack environment with React, GraphQL, Node.js, and REST API technologies; Full Stack Developer in Calgary, AB.*."
https://www.indeed.ca/viewjob?jk=42db0d6645b90a38,Junior Web Developer,,Venture Communications,Familiarity with bash and LAMP stacks a must. We are looking for a full time Junior Developer to work out of the Calgary office. Experience with PHP a must.
https://www.indeed.ca/viewjob?jk=c5462356274e196d,Senior Fullstack Developer,,Finger Food Advanced Technology Group,"With your strong technical skills, eagerness to learn, and desire to own your work, you will create high-quality web apps while mentoring the best up-and-coming…"
https://www.indeed.ca/viewjob?jk=d36da87ee7bf489b,Cloud Developer,,OPIsystems Inc.,"The cloud developer participates in all aspects of development including design, architecture, implementation, testing, bug fixing, and deployments, and is…"
https://www.indeed.ca/viewjob?jk=cc6ed872fbbda53e,Lead Developer,,Tiller Digital,"Have 4+ years of education, 10+ years of industry experience in full-stack web development with a focus on backend and infrastructure."
https://www.indeed.ca/viewjob?jk=b5fb46431ce1a8a1,Full Stack Developer - 288533,,Procom,The ability to mentor fellow developers and encourage constant review and improvement of processes. Mentoring fellow developers on technical and non-technical…
https://www.indeed.ca/viewjob?jk=87efaca90569983c,Software Development Intern,,Autodesk,As an ideal candidate you will be working on full stack development with a team of talented software engineers delivering high quality software making up…
https://www.indeed.ca/viewjob?jk=126d356a0fbbb416,Senior .NET Developer,,Avention,"7+ years work experience as a developer. This is a Full-time position with very competitive market-rate compensation, excellent benefits, and a very flexible…"
https://www.indeed.ca/viewjob?jk=5f599fcb98f98043,Full Stack Developer,,Sterling-Hoffman Executive Search,Preference will be given to candidates with recent experience in full stack development. Develop across the technology stacks in different languages and…
https://www.indeed.ca/viewjob?jk=835adcc996772b68,Shareworks by Morgan Stanley - Intermediate Software Develop...,,Morgan Stanley,"Do full stack dev from the DB to the UI. You care about automated tests and code reviews. Great programmers are great programmers whether they work in Java,…"
